{"0.68": 0.18064319196329104, "0.9": 0.23455071371683, "0.95": 0.26162992592454465, "0.99": 0.3176399326470995, "0.999": 0.3887628428406446, "0.9999": 0.45412895445916857, "0.99999": 0.5159947927873517}